<?xml version="1.0" encoding="UTF-8"?>
<?NLS TYPE="org.eclipse.help.toc"?>
<toc label="ConfigTree" topic="introduction.html"><topic label="ConfigTree " href="introduction.html"><topic label="Overview" href="overview/introduction.html"><topic label="Module Description" href="overview/description.html"/><topic label="System Architecture" href="overview/architecture.html"/><topic label="Setup Guide" href="overview/setup.html"/></topic><topic label="User Guide" href="user/introduction.html"><topic label="Management via Text Console" href="user/console/configtree_console.html"/><topic label="Management via Web Console" href="user/webconsole/configtree_webconsole.html"/></topic><topic label="Developer Guide" href="developer/introduction.html"><topic label="Managing Configurations via XML" href="developer/manage/manage_configs.html"/><topic label="Managing Configurations via API" href="developer/manage/man_API.html"/><topic label="Adding a New Configuration Type" href="developer/extend/developconfigurable.html"/><topic label="Configuring Configuration Admin via ConfigTree" href="developer/CM_config.html"/></topic><topic label="Bundles" href="overview/bundles/introduction.html"><topic label="ConfigTree API Bundle" href="overview/bundles/bundle_api.html"/><topic label="ConfigTree Core Bundle" href="overview/bundles/configtree_core.html"/><topic label="ConfigTree CM Bundle" href="overview/bundles/bundle_cm.html"/><topic label="ConfigTree Commands Bundle" href="overview/bundles/bundle_commands.html"/><topic label="ConfigTree Plugin for Web Console Bundle" href="overview/bundles/bundle_webconsole.html"/><topic label="ConfigTree Servlet Bundle" href="overview/bundles/bundle_servlet.html"/></topic><topic label="Services" href="services/config_tree_services.html"><topic label="ConfigTree Admin Service" href="services/configtreeadmin_service.html"/></topic><topic label="Demos" href="demos/introduction.html"><topic label="General Rules for Demos" href="demos/general.html"/><topic label="ConfigTree Demo" href="demos/configtree.html"/></topic></topic></toc>