<?xml version="1.0" encoding="UTF-8"?>
<?NLS TYPE="org.eclipse.help.toc"?>
<toc label="Services" topic="services.html"><topic label="Services" href="services.html"><topic label="Cameras Manager Service" href="camerasmanager.html"/><topic label="Camera Driver Service" href="cameradriver.html"/><topic label="Record Admin Service" href="recordadmin.html"/><topic label="Record Storage Service" href="recordstorage.html"/><topic label="Record Writer Service" href="recordwriter.html"/><topic label="URL Stream Handler Service" href="urlstreamhandlerservice.html"/></topic></toc>