<?xml version="1.0" encoding="UTF-8"?>
<?NLS TYPE="org.eclipse.help.toc"?>
<toc label="Home Automation Manager" topic="ham_module.html"><topic label="Home Automation Manager" href="ham_module.html"><topic label="Overview" href="overview/overview.html"><topic label="Module Description" href="overview/description.html"/><topic label="System Architecture" href="overview/system_architecture.html"/><topic label="Setup Guide" href="overview/setup.html"/></topic><topic label="User Guide" href="user/introduction.html"><topic label="Management via Text Console" href="user/consolecommands.html"/><topic label="Management via Web Console" href="user/webconsole/introduction.html"><topic label="Overview" href="user/webconsole/accessingham.html"/><topic label="Conditions" href="user/webconsole/hamconditions.html"/><topic label="Commands" href="user/webconsole/hamcommands.html"/><topic label="Scenes" href="user/webconsole/scenes.html"/><topic label="Groups" href="user/webconsole/groups.html"/><topic label="Rules" href="user/webconsole/rule.html"/><topic label="Working with Applications" href="user/webconsole/application.html"/><topic label="Porting Commands, Conditions &amp; Rules" href="user/webconsole/porting.html"/></topic></topic><topic label="Developer Guide" href="developer/introduction.html"><topic label=" Conditions" href="developer/conditions/introduction.html"><topic label="Managing Conditions" href="developer/conditions/manage_conditions.html"/><topic label="Predefined Conditions" href="developer/conditions/readymade_condition_types.html"><topic label="Delay" href="developer/conditions/delay.html"/><topic label="Event" href="developer/conditions/event.html"/><topic label="Logic" href="developer/conditions/logic.html"/><topic label="Postpone" href="developer/conditions/postpone.html"/><topic label="Status" href="developer/conditions/statusconditions.html"/><topic label="Timer" href="developer/conditions/timer.html"><topic label="Absolute Timer" href="developer/conditions/timer/absolute.html"/><topic label="Astro Timer" href="developer/conditions/timer/astrotimer.html"/><topic label="Daily Period Timer" href="developer/conditions/timer/dailyperiod.html"/><topic label="Daily Timer" href="developer/conditions/timer/dailytimer.html"/><topic label="Interval Timer" href="developer/conditions/timer/interval.html"/><topic label="Nth Day Timer" href="developer/conditions/timer/nthday.html"/></topic></topic></topic><topic label="Commands" href="developer/commands/introduction.html"><topic label="Managing Commands" href="developer/commands/manage_commands.html"/><topic label="Predefined Commands" href="developer/commands/types/introduction.html"><topic label="Log Command" href="developer/commands/types/log.html"/><topic label="Event Command" href="developer/commands/types/event.html"/><topic label="Group Command" href="developer/commands/types/group.html"/><topic label="Scene Command" href="developer/commands/types/scenecommand.html"/><topic label="Rule State Command" href="developer/commands/types/rulestate.html"/><topic label="Filter Rule State Command" href="developer/commands/types/rulestatefilter.html"/></topic></topic><topic label="Rules" href="developer/introductionrule.html"><topic label="Managing Rules" href="developer/rules.html"/></topic><topic label="Application Abstraction Layer" href="developer/applications.html"/><topic label="Hooks" href="developer/hooks.html"/><topic label="Configuring HAM via Config Tree" href="developer/configtree/introduction.html"/><topic label="Further Development" href="developer/extend/introduction.html"><topic label="Developing Custom Condition Providers" href="developer/extend/develop_condition_type/introduction.html"><topic label="Overview" href="developer/extend/develop_condition_type/overview.html"/><topic label="Creating a Condition" href="developer/extend/develop_condition_type/createcondition.html"/><topic label="Implementing a Condition Provider" href="developer/extend/develop_condition_type/createprovider.html"/><topic label="Registering the Provider as an OSGi Service" href="developer/extend/develop_condition_type/registerservice.html"/></topic><topic label="Developing Custom Command Providers" href="developer/extend/develop_command_type/introduction.html"><topic label="Overview" href="developer/extend/develop_command_type/overview.html"/><topic label="Creating a Command" href="developer/extend/develop_command_type/createcond.html"/><topic label="Implementing a Command Provider" href="developer/extend/develop_command_type/commandprovider.html"/><topic label="Registering the Provider as an OSGi Service" href="developer/extend/develop_command_type/registerservice.html"/></topic><topic label="Developing a Web-based UI to a Command or Condition Type" href="developer/extend/gui/introduction.html"><topic label="Overview" href="developer/extend/gui/overview.html"/><topic label="Creating a Template" href="developer/extend/gui/template.html"/><topic label="Registering the Template in the HAM Plugin" href="developer/extend/gui/register.html"/><topic label="Packing the Resources" href="developer/extend/gui/pack.html"/></topic></topic></topic><topic label="Bundles" href="overview/bundles/introduction.html"><topic label="HAM API Bundle" href="overview/bundles/hamapi.html"/><topic label="HAM Core Bundle" href="overview/bundles/ham.html"/><topic label="HAM Astro Sunriset Bundle" href="overview/bundles/astro_timer.html"/><topic label="HAM Console Commands Bundle " href="overview/bundles/console.html"/><topic label="HAM Plugin for Web Console Bundle" href="overview/bundles/webconsoleplugin.html"/><topic label="HAM Inventory Bundle" href="overview/bundles/inventory.html"/><topic label="HAM JSON-RPC Bundle" href="../jsonrpc/overview/bundles/hamjsonrpcapi.html"/></topic><topic label="Services" href="services/introduction.html"><topic label="Home Automation Admin Service" href="services/HomeAutomationAdmin.html"/><topic label="Astro Calculator Service" href="services/AstroCalculator.html"/><topic label="Command Provider Services" href="services/command_providers.html"><topic label="Event Command Service" href="services/EventCommand.html"/><topic label="Log Command Service" href="services/LogCommand.html"/><topic label="Rule State Command Service" href="services/RuleStateCommand.html"/><topic label="Filter Rule State Command Service" href="services/FilterRuleStateCommand.html"/><topic label="Group Command Service" href="services/GroupCommand.html"/><topic label="Scene Command Service" href="services/SceneCommand.html"/></topic><topic label="Condition Provider Services" href="services/condition_providers.html"><topic label="Absolute Timer Condition Service" href="services/AbsoluteTimerCondition.html"/><topic label="Astro Timer Condition Service" href="services/AstroTimerCondition.html"/><topic label="Daily Timer Condition Service" href="services/DailyTimerCondition.html"/><topic label="Daily Period Condition Service" href="services/DailyPeriodCondition.html"/><topic label="Delay Condition Service" href="services/DelayCondition.html"/><topic label="Interval Timer Condition Service" href="services/IntervalTimerCondition.html"/><topic label="Nth Day Timer Condition Service" href="services/NthDayTimerCondition.html"/><topic label="Postpone Condition Service" href="services/PostponeCondition.html"/><topic label="Event Condition Service" href="services/EventCondition.html"/><topic label="Logic Condition Service" href="services/LogicCondition.html"/><topic label="Status Condition Service" href="services/StatusCondition.html"/></topic></topic><topic label="Demos" href="demos/introduction.html"><topic label="General Rules for Demos" href="demos/general.html"/><topic label="Status Demo" href="demos/status.html"/><topic label="Scene Demo" href="demos/scene.html"/><topic label="Console Demo" href="demos/console.html"/><topic label="Console Web GUI Demo" href="demos/consoleweb.html"/><topic label="JSON-RPC Remote Management Demo" href="demos/json.html"/></topic></topic></toc>