<?xml version="1.0" encoding="UTF-8"?>
<?NLS TYPE="org.eclipse.help.toc"?>
<toc label="Bluetooth" topic="introduction.html"><topic label="Bluetooth Classic" href="introduction.html"><topic label="Overview" href="overview/introduction.html"><topic label="Module Description" href="overview/description.html"/><topic label="System Architecture" href="overview/architecture.html"/><topic label="Setup Guide" href="overview/setup.html"/></topic><topic label="User Guide" href="user/introduction.html"><topic label="Management via Text Console" href="user/user_textconsole.html"/></topic><topic label="Developer Guide" href="developer/introduction.html"><topic label="Managing Bluetooth Devices" href="developer/apis.html"/></topic><topic label="Bundles" href="overview/bundles/introduction.html"><topic label="Bluetooth Classic Commands Bundle(v8 onward)" href="overview/bundles/commands.html"/><topic label="Bluetooth Classic Linux Driver Bundle(v8 onward)" href="overview/bundles/linux8.html"/><topic label="Bluetooth Classic Native Linux Driver Bundles" href="overview/bundles/linux_x86_x86_64_generic.html"/><topic label="Bluetooth Classic Windows Driver Bundles" href="overview/bundles/win_x86_x86_64.html"/><topic label="Bluetooth Classic OS X Driver Bundle" href="overview/bundles/osxdrivers.html"/><topic label="Bluetooth Classic JSON-RPC Client Bundle" href="overview/bundles/bt_bundle_jsonclient.html"/></topic><topic label="Services" href="services_bluetooth_bredr.html"><topic label="Connection Factory Service" href="connection_factory_service.html"/></topic><topic label="Demos" href="demos/introduction.html"><topic label="General Rules for Demos" href="demos/general.html"/><topic label="Bluetooth Echo Demo" href="demos/echo.html"/><topic label="Bluetooth Discovery Demo" href="demos/discovery.html"/></topic></topic></toc>