<?xml version="1.0" encoding="UTF-8"?>
<?NLS TYPE="org.eclipse.help.toc"?>
<toc label="Cameras" topic="introduction.html"><topic label="Cameras" href="introduction.html"><topic label="Overview" href="overview/introduction.html"><topic label="Module Description" href="overview/description.html"/><topic label="System Architecture" href="overview/overview.html"/><topic label="Setup Guide" href="overview/setup.html"/></topic><topic label="User Guide" href="user/introduction.html"><topic label="Management via Text Console" href="user/devmanage_commands.html"/><topic label="Management via Web Console" href="user/devmanage_webadmin.html"/></topic><topic label="Developer Guide" href="developer/introduction.html"><topic label="Managing Cameras" href="developer/cameras.html"/><topic label="Managing Cameras via HDM" href="developer/hdm/cameras_hdm.html"/></topic><topic label="Bundles" href="overview/bundles/introduction.html"><topic label="Cameras API Bundle" href="overview/bundles/cam_api.html"/><topic label="Cameras Commands Bundle" href="overview/bundles/cam_commands.html"/><topic label="Cameras Recorder Bundle" href="overview/bundles/recorder.html"/><topic label="Camera Driver AXIS Bundle " href="overview/bundles/axis.html"/><topic label="Camera Driver Compro Bundle" href="overview/bundles/compro.html"/><topic label="Camera Driver IPCAM Bundle" href="overview/bundles/ipcam.html"/><topic label="Camera Driver Mobotix Bundle" href="overview/bundles/mobotix.html"/><topic label="Camera Driver ONVIF Bundle" href="overview/bundles/onvif.html"/><topic label="Camera Driver Panasonic Bundle" href="overview/bundles/panasonic.html"/><topic label="Camera Driver SerComm Bundle" href="overview/bundles/sercomm.html"/><topic label="Camera Driver UDP Bundle" href="overview/bundles/udp.html"/><topic label="Camera Driver UDP IPX/IPN Bundle" href="overview/bundles/udp-ipx.html"/><topic label="Camera Driver ZyXEL Bundle" href="overview/bundles/zyxel.html"/><topic label="Camera Driver Generic Bundle" href="overview/bundles/generic.html"/><topic label="Cameras HDM Adapter Bundle" href="overview/bundles/hdm.html"/><topic label="Cameras HDM API Bundle" href="overview/bundles/hdm_api.html"/><topic label="Cameras Manager Bundle" href="overview/bundles/cam_manager.html"/><topic label="Cameras RTSP Proxy Bundle" href="overview/bundles/cam_rtsp.html"/><topic label="Cameras Transcoder FFMPEG Bundle" href="overview/bundles/ffmpeg.html"/><topic label="Cameras Transcoder VLC Bundle" href="overview/bundles/vlc.html"/><topic label="Cameras WebConsole Plugin Bundle" href="overview/bundles/cam_web_plugin.html"/><topic label="Cameras Frame Analyzer Bundle" href="overview/bundles/cam_frame_analyzer.html"/></topic><topic label="Services" href="services/services.html"><topic label="Cameras Manager Service" href="services/camerasmanager.html"/><topic label="Camera Driver Service" href="services/cameradriver.html"/><topic label="Record Admin Service" href="services/recordadmin.html"/><topic label="Record Storage Service" href="services/recordstorage.html"/><topic label="Record Writer Service" href="services/recordwriter.html"/><topic label="URL Stream Handler Service" href="services/urlstreamhandlerservice.html"/></topic><topic label="Demos" href="demos/introduction.html"><topic label="General Rules for Demos" href="demos/general.html"/><topic label="Web Based Camera Viewer Demo" href="demos/camviewer.html"/></topic></topic></toc>